{"stats":{"minecraft:mined":{"minecraft:birch_log":6,"minecraft:birch_leaves":12},"minecraft:custom":{"minecraft:jump":17,"minecraft:time_since_rest":3186,"minecraft:crouch_one_cm":509,"minecraft:leave_game":1,"minecraft:sprint_one_cm":1985,"minecraft:play_time":3186,"minecraft:damage_taken":50,"minecraft:time_since_death":3186,"minecraft:walk_one_cm":5696,"minecraft:sneak_time":499,"minecraft:total_world_time":3186,"minecraft:fall_one_cm":1621,"minecraft:fly_one_cm":1085},"minecraft:picked_up":{"minecraft:birch_sapling":2,"minecraft:birch_log":6}},"DataVersion":3465}