{"stats":{"minecraft:mined":{"minecraft:white_bed":2,"minecraft:granite":1,"epicsamurai:silver_ore":13,"minecraft:grass_block":3,"minecraft:brick_stairs":1,"minecraft:spawner":3,"minecraft:hay_block":20,"minecraft:spore_blossom":1,"minecraft:magma_block":1,"minecraft:furnace":1,"undead_revamp2:bostroxore":2,"minecraft:iron_ore":24,"minecraft:andesite":1,"minecraft:stone":67,"jeg:scrap_ore":15,"minecraft:clay":1,"minecraft:crafting_table":10,"minecraft:torch":3,"minecraft:dark_oak_wood":1,"minecraft:melon":21,"minecraft:dead_bush":1,"minecraft:campfire":1,"minecraft:tall_grass":7,"minecraft:copper_ore":4,"minecraft:wall_torch":8,"jeg:scrap_workbench":2,"minecraft:birch_log":6,"minecraft:birch_leaves":14,"minecraft:grass":8,"minecraft:oak_log":22,"minecraft:coal_ore":45,"minecraft:terracotta":2,"minecraft:oak_leaves":12,"epicsamurai:ruby_ore":3},"minecraft:dropped":{"minecraft:bread":31,"minecraft:wheat_seeds":14,"minecraft:spore_blossom":1,"minecraft:cobblestone":1,"minecraft:white_wool":4,"minecraft:rotten_flesh":1,"minecraft:clay_ball":4,"minecraft:shears":1,"minecraft:arrow":9},"minecraft:custom":{"minecraft:mob_kills":62,"minecraft:interact_with_crafting_table":21,"minecraft:open_barrel":21,"minecraft:leave_game":12,"minecraft:time_since_death":3266,"minecraft:climb_one_cm":12066,"minecraft:sprint_one_cm":169552,"minecraft:walk_one_cm":290992,"minecraft:drop":13,"minecraft:play_time":87545,"minecraft:deaths":3,"minecraft:sneak_time":4358,"minecraft:walk_under_water_one_cm":21154,"minecraft:jump":1365,"minecraft:walk_on_water_one_cm":15098,"minecraft:total_world_time":87545,"minecraft:interact_with_furnace":7,"minecraft:sleep_in_bed":4,"minecraft:time_since_rest":3299,"minecraft:damage_taken":2972,"minecraft:damage_dealt":12101,"minecraft:swim_one_cm":13266,"minecraft:fly_one_cm":222865,"minecraft:open_chest":13,"minecraft:crouch_one_cm":9897,"minecraft:fall_one_cm":35068},"minecraft:crafted":{"minecraft:oak_planks":64,"minecraft:stone_shovel":1,"simplyswords:iron_twinblade":1,"minecraft:furnace":2,"minecraft:iron_boots":1,"jeg:scrap_workbench":1,"minecraft:stone_pickaxe":1,"minecraft:chest":1,"minecraft:smoker":1,"minecraft:crafting_table":1,"minecraft:wooden_pickaxe":1,"minecraft:iron_helmet":1,"minecraft:copper_ingot":9,"minecraft:birch_planks":24,"minecraft:stone_axe":1,"minecraft:air":0,"jeg:scrap_block":1,"minecraft:blue_dye":1,"minecraft:iron_chestplate":1,"minecraft:stick":28,"minecraft:iron_ingot":4,"minecraft:iron_pickaxe":1,"minecraft:stone_sword":1,"minecraft:iron_leggings":1,"minecraft:white_bed":1,"minecraft:torch":32,"minecraft:shears":1},"minecraft:killed":{"undead_revamp2:theimmortal":2,"minecraft:spider":3,"undead_revamp2:theswarmer":1,"minecraft:skeleton":20,"minecraft:bee":2,"minecraft:chicken":1,"undead_revamp2:thebidy":1,"undead_revamp2:sucker":3,"undead_revamp2:thespitter":1,"jeg:ghoul":4,"undead_revamp2:the_moonflower":4,"minecraft:creeper":2,"minecraft:zombie":9,"minecraft:enderman":2},"minecraft:broken":{"minecraft:stone_pickaxe":1},"minecraft:used":{"minecraft:stone_sword":11,"minecraft:stone_shovel":4,"minecraft:ladder":2,"minecraft:chest":1,"minecraft:torch":44,"minecraft:dirt":1,"minecraft:granite":1,"minecraft:grass_block":1,"minecraft:brick_stairs":1,"jeg:healing_talisman":3,"minecraft:iron_boots":1,"minecraft:bow":4,"minecraft:furnace":2,"minecraft:stone_pickaxe":135,"minecraft:oak_planks":18,"minecraft:wooden_pickaxe":6,"minecraft:terracotta":2,"minecraft:crafting_table":11,"simplyswords:iron_twinblade":65,"simplyswords:iron_halberd":100,"minecraft:white_bed":3,"minecraft:oak_log":2,"minecraft:cornflower":2,"minecraft:melon_slice":39,"minecraft:bread":32,"minecraft:iron_pickaxe":47,"minecraft:spore_blossom":1,"minecraft:stone_axe":48,"jeg:scrap_workbench":2,"minecraft:cobblestone":31},"minecraft:picked_up":{"minecraft:charcoal":4,"minecraft:crafting_table":12,"minecraft:ladder":4,"minecraft:clay_ball":8,"minecraft:wooden_pickaxe":2,"jeg:scrap_workbench":4,"minecraft:cornflower":2,"minecraft:string":1,"minecraft:raw_copper":9,"minecraft:iron_pickaxe":1,"minecraft:melon_slice":272,"minecraft:birch_sapling":9,"minecraft:furnace":3,"minecraft:iron_boots":2,"minecraft:stick":18,"minecraft:raw_iron":23,"minecraft:torch":57,"jeg:healing_talisman":5,"minecraft:stone_sword":2,"minecraft:arrow":23,"minecraft:rotten_flesh":26,"minecraft:stone_shovel":3,"minecraft:shears":2,"jeg:waterpipe_shotgun":1,"minecraft:hay_block":60,"minecraft:gold_ingot":24,"minecraft:brick_stairs":1,"minecraft:cobblestone":66,"minecraft:white_wool":11,"minecraft:birch_log":14,"minecraft:magma_block":1,"minecraft:lilac":5,"minecraft:andesite":1,"minecraft:smoker":2,"minecraft:oak_log":38,"minecraft:chainmail_chestplate":2,"jeg:scrap":50,"minecraft:dirt":138,"minecraft:bone":31,"undead_revamp2:blacpetalblock":2,"minecraft:bow":4,"minecraft:wheat_seeds":44,"minecraft:spore_blossom":2,"minecraft:iron_ingot":39,"minecraft:stone_pickaxe":2,"jeg:tech_trash":5,"epicsamurai:raw_silver":12,"minecraft:oak_planks":33,"minecraft:honeycomb":12,"patchouli:guide_book":2,"minecraft:gravel":2,"minecraft:white_bed":4,"minecraft:grass_block":2,"minecraft:spider_eye":2,"simplyswords:iron_twinblade":3,"undead_revamp2:rawbostrox":2,"minecraft:slime_ball":2,"minecraft:stone_axe":2,"undead_revamp2:beespheromones":1,"minecraft:granite":1,"minecraft:emerald":5,"minecraft:bread":62,"minecraft:terracotta":2,"minecraft:oak_sapling":2,"epicsamurai:ruby":2,"minecraft:melon_seeds":9,"minecraft:dark_oak_wood":3,"minecraft:coal":90},"minecraft:killed_by":{"minecraft:creeper":1,"minecraft:skeleton":2}},"DataVersion":3465}