{"stats":{"minecraft:picked_up":{"minecraft:birch_log":6,"minecraft:charcoal":2,"minecraft:raw_iron":4,"minecraft:crafting_table":3,"minecraft:oak_log":5,"minecraft:arrow":1,"minecraft:wheat_seeds":13,"minecraft:hay_block":20,"minecraft:granite":1,"minecraft:terracotta":2,"minecraft:brick_stairs":1,"minecraft:oak_sapling":2,"minecraft:melon_slice":91,"minecraft:melon_seeds":3,"minecraft:birch_sapling":2,"minecraft:coal":16,"minecraft:cobblestone":30},"minecraft:mined":{"minecraft:hay_block":20,"minecraft:birch_log":6,"minecraft:iron_ore":4,"minecraft:birch_leaves":14,"minecraft:crafting_table":3,"minecraft:granite":1,"minecraft:grass":5,"minecraft:oak_log":5,"minecraft:coal_ore":16,"minecraft:melon":19,"minecraft:brick_stairs":1,"minecraft:campfire":1,"minecraft:tall_grass":7,"minecraft:terracotta":2,"minecraft:stone":30,"minecraft:oak_leaves":12},"minecraft:used":{"minecraft:stone_sword":11,"minecraft:melon_slice":10,"minecraft:stone_pickaxe":49,"minecraft:brick_stairs":1,"minecraft:wooden_pickaxe":6,"minecraft:stone_axe":18,"minecraft:torch":2,"minecraft:cobblestone":7,"minecraft:terracotta":2,"minecraft:crafting_table":3,"minecraft:granite":1},"minecraft:crafted":{"minecraft:stone_shovel":1,"minecraft:crafting_table":1,"minecraft:stick":12,"minecraft:wooden_pickaxe":1,"minecraft:stone_pickaxe":1,"minecraft:stone_sword":1,"minecraft:furnace":1,"minecraft:torch":4,"minecraft:birch_planks":24,"minecraft:stone_axe":1,"minecraft:smoker":1},"minecraft:custom":{"minecraft:time_since_rest":2979,"minecraft:sprint_one_cm":37400,"minecraft:damage_taken":205,"minecraft:walk_one_cm":60885,"minecraft:mob_kills":2,"minecraft:damage_dealt":330,"minecraft:interact_with_crafting_table":7,"minecraft:fly_one_cm":42463,"minecraft:open_barrel":1,"minecraft:open_chest":1,"minecraft:crouch_one_cm":6746,"minecraft:play_time":20158,"minecraft:sneak_time":2544,"minecraft:jump":239,"minecraft:leave_game":2,"minecraft:time_since_death":20158,"minecraft:walk_on_water_one_cm":152,"minecraft:climb_one_cm":170,"minecraft:sleep_in_bed":1,"minecraft:total_world_time":20158,"minecraft:fall_one_cm":6844},"minecraft:killed":{"minecraft:skeleton":1,"minecraft:spider":1}},"DataVersion":3465}