{"stats":{"minecraft:killed_by":{"minecraft:skeleton":1},"minecraft:mined":{"minecraft:white_bed":1,"jeg:scrap_ore":8,"minecraft:crafting_table":9,"minecraft:torch":2,"minecraft:granite":1,"minecraft:dark_oak_wood":1,"minecraft:grass_block":1,"minecraft:melon":19,"minecraft:brick_stairs":1,"minecraft:campfire":1,"minecraft:tall_grass":7,"minecraft:wall_torch":4,"minecraft:spawner":2,"minecraft:hay_block":20,"jeg:scrap_workbench":1,"minecraft:furnace":1,"minecraft:birch_log":6,"minecraft:iron_ore":4,"minecraft:andesite":1,"minecraft:birch_leaves":14,"minecraft:grass":8,"minecraft:oak_log":22,"minecraft:coal_ore":17,"minecraft:terracotta":2,"minecraft:stone":41,"minecraft:oak_leaves":12},"minecraft:custom":{"minecraft:interact_with_furnace":3,"minecraft:mob_kills":10,"minecraft:interact_with_crafting_table":14,"minecraft:open_barrel":2,"minecraft:leave_game":5,"minecraft:time_since_death":2476,"minecraft:sleep_in_bed":2,"minecraft:climb_one_cm":5767,"minecraft:time_since_rest":2506,"minecraft:sprint_one_cm":67713,"minecraft:damage_taken":721,"minecraft:walk_one_cm":115240,"minecraft:damage_dealt":2032,"minecraft:swim_one_cm":2710,"minecraft:fly_one_cm":88486,"minecraft:open_chest":5,"minecraft:crouch_one_cm":8022,"minecraft:play_time":35052,"minecraft:deaths":1,"minecraft:sneak_time":3080,"minecraft:walk_under_water_one_cm":1587,"minecraft:jump":496,"minecraft:walk_on_water_one_cm":2119,"minecraft:total_world_time":35052,"minecraft:fall_one_cm":13539},"minecraft:crafted":{"minecraft:oak_planks":32,"minecraft:stone_shovel":1,"minecraft:crafting_table":1,"simplyswords:iron_twinblade":1,"minecraft:wooden_pickaxe":1,"minecraft:furnace":2,"minecraft:birch_planks":24,"minecraft:stone_axe":1,"minecraft:air":0,"jeg:scrap_block":1,"minecraft:iron_boots":1,"jeg:scrap_workbench":1,"minecraft:stick":28,"minecraft:iron_ingot":4,"minecraft:stone_pickaxe":1,"minecraft:stone_sword":1,"minecraft:white_bed":1,"minecraft:torch":32,"minecraft:shears":1,"minecraft:smoker":1},"minecraft:picked_up":{"minecraft:birch_log":6,"minecraft:charcoal":3,"minecraft:crafting_table":10,"minecraft:ladder":3,"minecraft:andesite":1,"minecraft:wooden_pickaxe":1,"minecraft:smoker":1,"jeg:scrap_workbench":2,"minecraft:oak_log":30,"minecraft:chainmail_chestplate":1,"jeg:scrap":27,"minecraft:dirt":1,"minecraft:bone":8,"minecraft:wheat_seeds":28,"minecraft:iron_ingot":16,"minecraft:stone_pickaxe":1,"minecraft:melon_slice":151,"minecraft:honeycomb":6,"minecraft:oak_planks":15,"minecraft:birch_sapling":4,"jeg:tech_trash":2,"minecraft:iron_boots":1,"minecraft:furnace":2,"minecraft:stick":6,"minecraft:raw_iron":4,"patchouli:guide_book":1,"minecraft:torch":29,"minecraft:white_bed":2,"simplyswords:iron_twinblade":1,"minecraft:stone_sword":1,"minecraft:stone_shovel":1,"minecraft:arrow":4,"minecraft:rotten_flesh":2,"minecraft:stone_axe":1,"minecraft:shears":1,"minecraft:hay_block":40,"minecraft:granite":1,"minecraft:gold_ingot":12,"minecraft:bread":17,"minecraft:terracotta":2,"minecraft:brick_stairs":1,"minecraft:oak_sapling":2,"minecraft:melon_seeds":6,"minecraft:dark_oak_wood":2,"minecraft:coal":41,"minecraft:cobblestone":40,"minecraft:white_wool":7},"minecraft:used":{"minecraft:stone_sword":11,"minecraft:stone_pickaxe":76,"minecraft:oak_planks":14,"minecraft:ladder":1,"minecraft:wooden_pickaxe":6,"minecraft:torch":15,"minecraft:dirt":1,"minecraft:terracotta":2,"minecraft:crafting_table":9,"simplyswords:iron_twinblade":38,"minecraft:white_bed":1,"minecraft:granite":1,"minecraft:oak_log":2,"minecraft:melon_slice":32,"minecraft:brick_stairs":1,"minecraft:iron_boots":1,"jeg:scrap_workbench":1,"minecraft:stone_axe":44,"minecraft:cobblestone":16,"minecraft:furnace":1},"minecraft:killed":{"minecraft:spider":1,"minecraft:skeleton":6,"undead_revamp2:sucker":1}},"DataVersion":3465}