{"stats":{"minecraft:crafted":{"minecraft:stone_shovel":1,"minecraft:crafting_table":1,"minecraft:stick":12,"minecraft:wooden_pickaxe":1,"minecraft:stone_pickaxe":1,"minecraft:stone_sword":1,"minecraft:furnace":1,"minecraft:torch":4,"minecraft:birch_planks":24,"minecraft:stone_axe":1,"minecraft:smoker":1},"minecraft:used":{"minecraft:stone_sword":3,"minecraft:melon_slice":6,"minecraft:stone_pickaxe":41,"minecraft:wooden_pickaxe":6,"minecraft:stone_axe":18,"minecraft:crafting_table":3},"minecraft:picked_up":{"minecraft:birch_log":6,"minecraft:charcoal":2,"minecraft:crafting_table":3,"minecraft:raw_iron":4,"minecraft:oak_log":5,"minecraft:wheat_seeds":13,"minecraft:hay_block":20,"minecraft:oak_sapling":2,"minecraft:melon_slice":91,"minecraft:melon_seeds":3,"minecraft:birch_sapling":2,"minecraft:coal":12,"minecraft:cobblestone":30},"minecraft:custom":{"minecraft:time_since_rest":15758,"minecraft:sprint_one_cm":27551,"minecraft:damage_taken":50,"minecraft:walk_one_cm":45415,"minecraft:interact_with_crafting_table":7,"minecraft:fly_one_cm":29147,"minecraft:open_chest":1,"minecraft:crouch_one_cm":5360,"minecraft:play_time":15758,"minecraft:sneak_time":2000,"minecraft:jump":167,"minecraft:leave_game":2,"minecraft:time_since_death":15758,"minecraft:walk_on_water_one_cm":152,"minecraft:total_world_time":15758,"minecraft:fall_one_cm":3889},"minecraft:mined":{"minecraft:hay_block":20,"minecraft:iron_ore":4,"minecraft:birch_log":6,"minecraft:birch_leaves":12,"minecraft:crafting_table":3,"minecraft:grass":5,"minecraft:coal_ore":12,"minecraft:oak_log":5,"minecraft:melon":19,"minecraft:campfire":1,"minecraft:tall_grass":7,"minecraft:stone":30,"minecraft:oak_leaves":12}},"DataVersion":3465}