{"stats":{"minecraft:killed_by":{"minecraft:skeleton":2},"minecraft:broken":{"minecraft:stone_pickaxe":1},"minecraft:killed":{"minecraft:spider":1,"minecraft:skeleton":12,"minecraft:zombie":1,"undead_revamp2:sucker":1},"minecraft:custom":{"minecraft:interact_with_furnace":3,"minecraft:mob_kills":17,"minecraft:interact_with_crafting_table":16,"minecraft:open_barrel":21,"minecraft:leave_game":7,"minecraft:time_since_death":19460,"minecraft:sleep_in_bed":4,"minecraft:climb_one_cm":12066,"minecraft:time_since_rest":3228,"minecraft:sprint_one_cm":116090,"minecraft:damage_taken":1311,"minecraft:walk_one_cm":179291,"minecraft:drop":6,"minecraft:damage_dealt":3675,"minecraft:swim_one_cm":6495,"minecraft:fly_one_cm":145984,"minecraft:open_chest":6,"minecraft:crouch_one_cm":8833,"minecraft:play_time":56193,"minecraft:sneak_time":3812,"minecraft:deaths":2,"minecraft:walk_under_water_one_cm":6911,"minecraft:jump":814,"minecraft:walk_on_water_one_cm":4400,"minecraft:total_world_time":56193,"minecraft:fall_one_cm":24423},"minecraft:picked_up":{"minecraft:birch_log":6,"minecraft:charcoal":4,"minecraft:crafting_table":12,"minecraft:clay_ball":4,"minecraft:ladder":4,"minecraft:andesite":1,"minecraft:wooden_pickaxe":2,"minecraft:smoker":2,"jeg:scrap_workbench":4,"minecraft:oak_log":38,"minecraft:chainmail_chestplate":2,"jeg:scrap":50,"minecraft:dirt":1,"minecraft:raw_copper":9,"minecraft:bone":20,"minecraft:wheat_seeds":42,"minecraft:spore_blossom":1,"minecraft:iron_ingot":39,"minecraft:stone_pickaxe":2,"minecraft:melon_slice":210,"minecraft:oak_planks":30,"minecraft:birch_sapling":6,"minecraft:honeycomb":12,"jeg:tech_trash":5,"minecraft:furnace":3,"minecraft:iron_boots":2,"minecraft:stick":13,"minecraft:raw_iron":19,"patchouli:guide_book":2,"minecraft:torch":48,"minecraft:white_bed":4,"simplyswords:iron_twinblade":2,"minecraft:stone_sword":2,"minecraft:arrow":15,"minecraft:stone_shovel":2,"minecraft:rotten_flesh":3,"minecraft:stone_axe":2,"minecraft:shears":2,"minecraft:hay_block":60,"minecraft:granite":1,"minecraft:emerald":5,"minecraft:bread":34,"minecraft:gold_ingot":24,"minecraft:terracotta":2,"minecraft:brick_stairs":1,"minecraft:oak_sapling":2,"minecraft:melon_seeds":9,"minecraft:dark_oak_wood":3,"minecraft:coal":66,"minecraft:white_wool":11,"minecraft:cobblestone":52},"minecraft:crafted":{"minecraft:oak_planks":64,"minecraft:stone_shovel":1,"minecraft:crafting_table":1,"simplyswords:iron_twinblade":1,"minecraft:wooden_pickaxe":1,"minecraft:furnace":2,"minecraft:birch_planks":24,"minecraft:stone_axe":1,"minecraft:air":0,"jeg:scrap_block":1,"minecraft:blue_dye":1,"minecraft:iron_boots":1,"jeg:scrap_workbench":1,"minecraft:stick":28,"minecraft:iron_ingot":4,"minecraft:iron_pickaxe":1,"minecraft:stone_pickaxe":1,"minecraft:stone_sword":1,"minecraft:white_bed":1,"minecraft:torch":32,"minecraft:shears":1,"minecraft:smoker":1},"minecraft:mined":{"minecraft:white_bed":2,"jeg:scrap_ore":15,"minecraft:clay":1,"minecraft:crafting_table":10,"minecraft:torch":3,"minecraft:granite":1,"minecraft:dark_oak_wood":1,"minecraft:grass_block":1,"minecraft:melon":20,"minecraft:brick_stairs":1,"minecraft:dead_bush":1,"minecraft:campfire":1,"minecraft:copper_ore":4,"minecraft:tall_grass":7,"minecraft:wall_torch":4,"minecraft:spawner":3,"minecraft:hay_block":20,"minecraft:spore_blossom":1,"jeg:scrap_workbench":2,"minecraft:furnace":1,"minecraft:birch_log":6,"minecraft:iron_ore":20,"minecraft:birch_leaves":14,"minecraft:andesite":1,"minecraft:grass":8,"minecraft:oak_log":22,"minecraft:coal_ore":33,"minecraft:terracotta":2,"minecraft:stone":58,"minecraft:oak_leaves":12},"minecraft:used":{"minecraft:stone_sword":11,"minecraft:stone_shovel":2,"minecraft:stone_pickaxe":135,"minecraft:oak_planks":17,"minecraft:ladder":2,"minecraft:wooden_pickaxe":6,"minecraft:torch":30,"minecraft:dirt":1,"minecraft:terracotta":2,"minecraft:crafting_table":10,"simplyswords:iron_twinblade":52,"simplyswords:iron_halberd":12,"minecraft:white_bed":3,"minecraft:granite":1,"minecraft:oak_log":2,"minecraft:bread":7,"minecraft:melon_slice":35,"minecraft:brick_stairs":1,"minecraft:iron_pickaxe":3,"minecraft:iron_boots":1,"jeg:scrap_workbench":2,"minecraft:stone_axe":48,"minecraft:cobblestone":24,"minecraft:furnace":1},"minecraft:dropped":{"minecraft:spore_blossom":1,"minecraft:cobblestone":1,"minecraft:shears":1,"minecraft:arrow":9,"minecraft:white_wool":4}},"DataVersion":3465}