{"stats":{"minecraft:killed_by":{"minecraft:skeleton":2},"minecraft:broken":{"minecraft:stone_pickaxe":1},"minecraft:killed":{"minecraft:spider":1,"undead_revamp2:theswarmer":1,"minecraft:skeleton":12,"minecraft:zombie":1,"minecraft:bee":2,"undead_revamp2:sucker":1},"minecraft:custom":{"minecraft:interact_with_furnace":7,"minecraft:mob_kills":20,"minecraft:interact_with_crafting_table":21,"minecraft:open_barrel":21,"minecraft:leave_game":8,"minecraft:time_since_death":30688,"minecraft:sleep_in_bed":4,"minecraft:climb_one_cm":12066,"minecraft:time_since_rest":14456,"minecraft:sprint_one_cm":124767,"minecraft:damage_taken":1522,"minecraft:walk_one_cm":199878,"minecraft:drop":10,"minecraft:damage_dealt":4338,"minecraft:swim_one_cm":9784,"minecraft:fly_one_cm":159148,"minecraft:play_time":67421,"minecraft:open_chest":13,"minecraft:crouch_one_cm":9013,"minecraft:sneak_time":4084,"minecraft:deaths":2,"minecraft:walk_under_water_one_cm":15644,"minecraft:jump":930,"minecraft:total_world_time":67421,"minecraft:walk_on_water_one_cm":11193,"minecraft:fall_one_cm":26577},"minecraft:picked_up":{"minecraft:birch_log":6,"minecraft:charcoal":4,"minecraft:crafting_table":12,"minecraft:magma_block":1,"minecraft:ladder":4,"minecraft:clay_ball":8,"minecraft:andesite":1,"minecraft:wooden_pickaxe":2,"minecraft:smoker":2,"minecraft:chainmail_chestplate":2,"minecraft:oak_log":38,"jeg:scrap_workbench":4,"jeg:scrap":50,"minecraft:dirt":1,"minecraft:raw_copper":9,"minecraft:bone":20,"minecraft:wheat_seeds":42,"minecraft:spore_blossom":2,"minecraft:iron_ingot":39,"minecraft:stone_pickaxe":2,"minecraft:melon_slice":210,"minecraft:birch_sapling":6,"epicsamurai:raw_silver":12,"minecraft:oak_planks":30,"minecraft:honeycomb":12,"jeg:tech_trash":5,"minecraft:iron_boots":2,"minecraft:furnace":3,"minecraft:raw_iron":19,"minecraft:stick":13,"patchouli:guide_book":2,"minecraft:torch":52,"minecraft:white_bed":4,"simplyswords:iron_twinblade":2,"undead_revamp2:rawbostrox":2,"minecraft:stone_sword":2,"minecraft:arrow":15,"minecraft:stone_shovel":2,"minecraft:rotten_flesh":4,"minecraft:stone_axe":2,"undead_revamp2:beespheromones":1,"minecraft:shears":2,"jeg:waterpipe_shotgun":1,"minecraft:hay_block":60,"minecraft:granite":1,"minecraft:gold_ingot":24,"minecraft:bread":62,"minecraft:emerald":5,"minecraft:terracotta":2,"minecraft:oak_sapling":2,"minecraft:brick_stairs":1,"epicsamurai:ruby":2,"minecraft:melon_seeds":9,"minecraft:dark_oak_wood":3,"minecraft:coal":66,"minecraft:white_wool":11,"minecraft:cobblestone":60},"minecraft:crafted":{"minecraft:oak_planks":64,"minecraft:stone_shovel":1,"minecraft:crafting_table":1,"simplyswords:iron_twinblade":1,"minecraft:wooden_pickaxe":1,"minecraft:iron_helmet":1,"minecraft:furnace":2,"minecraft:copper_ingot":9,"minecraft:birch_planks":24,"minecraft:stone_axe":1,"minecraft:air":0,"jeg:scrap_block":1,"minecraft:blue_dye":1,"minecraft:iron_boots":1,"minecraft:iron_chestplate":1,"jeg:scrap_workbench":1,"minecraft:stick":28,"minecraft:iron_ingot":4,"minecraft:iron_pickaxe":1,"minecraft:stone_pickaxe":1,"minecraft:stone_sword":1,"minecraft:chest":1,"minecraft:iron_leggings":1,"minecraft:white_bed":1,"minecraft:torch":32,"minecraft:shears":1,"minecraft:smoker":1},"minecraft:mined":{"minecraft:white_bed":2,"jeg:scrap_ore":15,"minecraft:clay":1,"minecraft:crafting_table":10,"minecraft:torch":3,"minecraft:granite":1,"minecraft:dark_oak_wood":1,"minecraft:grass_block":1,"epicsamurai:silver_ore":13,"minecraft:melon":20,"minecraft:brick_stairs":1,"minecraft:dead_bush":1,"minecraft:campfire":1,"minecraft:copper_ore":4,"minecraft:tall_grass":7,"minecraft:wall_torch":5,"minecraft:spawner":3,"minecraft:hay_block":20,"minecraft:spore_blossom":1,"jeg:scrap_workbench":2,"minecraft:magma_block":1,"minecraft:furnace":1,"undead_revamp2:bostroxore":2,"minecraft:birch_log":6,"minecraft:iron_ore":20,"minecraft:birch_leaves":14,"minecraft:andesite":1,"minecraft:grass":8,"minecraft:coal_ore":33,"minecraft:oak_log":22,"minecraft:terracotta":2,"minecraft:stone":66,"minecraft:oak_leaves":12,"epicsamurai:ruby_ore":3},"minecraft:used":{"minecraft:stone_sword":11,"minecraft:stone_shovel":2,"minecraft:stone_pickaxe":135,"minecraft:ladder":2,"minecraft:oak_planks":18,"minecraft:chest":1,"minecraft:wooden_pickaxe":6,"minecraft:torch":36,"minecraft:dirt":1,"minecraft:terracotta":2,"minecraft:crafting_table":11,"simplyswords:iron_twinblade":52,"simplyswords:iron_halberd":21,"minecraft:white_bed":3,"minecraft:granite":1,"minecraft:oak_log":2,"minecraft:bread":11,"minecraft:melon_slice":37,"minecraft:brick_stairs":1,"minecraft:iron_pickaxe":30,"minecraft:spore_blossom":1,"minecraft:iron_boots":1,"minecraft:stone_axe":48,"jeg:scrap_workbench":2,"minecraft:cobblestone":31,"minecraft:furnace":2},"minecraft:dropped":{"minecraft:bread":28,"minecraft:wheat_seeds":14,"minecraft:spore_blossom":1,"minecraft:cobblestone":1,"minecraft:rotten_flesh":1,"minecraft:clay_ball":4,"minecraft:shears":1,"minecraft:arrow":9,"minecraft:white_wool":4}},"DataVersion":3465}