{"stats":{"minecraft:mined":{"minecraft:spruce_log":6,"minecraft:spruce_leaves":9},"minecraft:custom":{"minecraft:jump":44,"minecraft:time_since_rest":1247,"minecraft:deaths":1,"minecraft:sprint_one_cm":5085,"minecraft:leave_game":2,"minecraft:play_time":2986,"minecraft:damage_taken":285,"minecraft:time_since_death":1037,"minecraft:walk_one_cm":4336,"minecraft:total_world_time":2986,"minecraft:fall_one_cm":2174,"minecraft:fly_one_cm":11173},"minecraft:picked_up":{"minecraft:stick":2,"minecraft:spruce_log":6},"minecraft:killed_by":{"minecraft:player":1}},"DataVersion":3465}