{"stats":{"minecraft:custom":{"minecraft:jump":92,"minecraft:time_since_rest":3005,"minecraft:damage_dealt":162,"minecraft:leave_game":1,"minecraft:interact_with_furnace":1,"minecraft:sprint_one_cm":17186,"minecraft:play_time":6350,"minecraft:damage_taken":80,"minecraft:time_since_death":6350,"minecraft:walk_one_cm":18937,"minecraft:sleep_in_bed":1,"minecraft:climb_one_cm":3167,"minecraft:total_world_time":6350,"minecraft:tune_noteblock":9,"minecraft:fall_one_cm":2662,"minecraft:fly_one_cm":22284,"minecraft:player_kills":1},"minecraft:picked_up":{"patchouli:guide_book":1}},"DataVersion":3465}