{"stats":{"minecraft:mined":{"minecraft:dirt":1,"minecraft:azalea":1},"minecraft:dropped":{"minecraft:dirt":64,"minecraft:wheat_seeds":1,"minecraft:lilac":3,"minecraft:torch":2,"simplyswords:iron_twinblade":1,"minecraft:stone_shovel":1,"minecraft:cobblestone":4,"minecraft:rotten_flesh":1,"minecraft:oak_planks":3,"minecraft:arrow":2,"minecraft:slime_ball":1,"minecraft:bow":2,"minecraft:iron_pickaxe":1,"undead_revamp2:blacpetalblock":1,"minecraft:birch_log":4,"minecraft:grass_block":1,"minecraft:coal":12,"minecraft:stick":5},"minecraft:custom":{"minecraft:time_since_rest":1658,"minecraft:sprint_one_cm":16218,"minecraft:damage_taken":700,"minecraft:walk_one_cm":41738,"minecraft:mob_kills":1,"minecraft:drop":35,"minecraft:damage_dealt":386,"minecraft:fly_one_cm":22927,"minecraft:open_chest":1,"minecraft:crouch_one_cm":394,"minecraft:deaths":2,"minecraft:play_time":11813,"minecraft:sneak_time":165,"minecraft:walk_under_water_one_cm":5367,"minecraft:jump":231,"minecraft:leave_game":1,"minecraft:walk_on_water_one_cm":6824,"minecraft:time_since_death":1593,"minecraft:total_world_time":11813,"minecraft:fall_one_cm":5190},"minecraft:killed":{"undead_revamp2:the_moonflower":1},"minecraft:used":{"minecraft:azalea":1,"minecraft:bread":1,"minecraft:ender_pearl":2,"minecraft:rotten_flesh":2,"simplyswords:iron_halberd":1},"minecraft:picked_up":{"minecraft:birch_log":4,"minecraft:stick":5,"minecraft:lilac":3,"minecraft:torch":2,"simplyswords:iron_halberd":1,"minecraft:chainmail_chestplate":1,"minecraft:grass_block":1,"minecraft:dirt":65,"simplyswords:iron_twinblade":1,"minecraft:iron_leggings":1,"minecraft:bone":11,"minecraft:arrow":2,"minecraft:rotten_flesh":3,"minecraft:stone_shovel":1,"minecraft:slime_ball":1,"undead_revamp2:blacpetalblock":1,"minecraft:stone_axe":1,"minecraft:bow":2,"minecraft:wheat_seeds":3,"jeg:waterpipe_shotgun":1,"minecraft:iron_helmet":1,"minecraft:azalea":2,"minecraft:bread":4,"minecraft:iron_pickaxe":1,"minecraft:birch_sapling":3,"minecraft:oak_planks":3,"minecraft:coal":12,"minecraft:iron_boots":1,"minecraft:cobblestone":4},"minecraft:killed_by":{"minecraft:iron_golem":1,"undead_revamp2:the_moonflower":1}},"DataVersion":3465}